Author,Date,CommitCount
renmu123,2021-01-05,1
Electron Bot,2021-01-04,2
Shelley Vohr,2021-01-04,5
Erick Zhao,2021-01-04,1
Jeremy Rose,2021-01-04,1
Milan Burda,2021-01-05,2
Cheng Zhao,2021-01-05,1
Shelley Vohr,2021-01-05,1
Electron Bot,2021-01-05,1
theLMGN,2021-01-05,1
Electron Bot,2021-01-06,1
mzajaczkowski,2021-01-07,1
Mark Wylde,2021-01-07,1
Jim Fisher,2021-01-07,1
Electron Bot,2021-01-07,1
Milan Burda,2021-01-07,3
John Kleinschmidt,2021-01-07,1
Shelley Vohr,2021-01-07,1
Electron Bot,2021-01-08,1
Milan Burda,2021-01-11,2
Shelley Vohr,2021-01-10,1
Jim Fisher,2021-01-11,1
AHFriedman,2021-01-10,1
Zachinquarantine,2021-01-10,1
Jeremy Rose,2021-01-10,1
Erick Zhao,2021-01-10,1
Electron Bot,2021-01-11,1
Electron Bot,2021-01-12,2
Shelley Vohr,2021-01-12,1
Cheng Zhao,2021-01-13,1
loc,2021-01-13,1
Electron Bot,2021-01-13,1
Shelley Vohr,2021-01-13,2
Cheng Zhao,2021-01-14,1
Milan Burda,2021-01-13,1
David Sanders,2021-01-14,1
Electron Bot,2021-01-14,1
Milan Burda,2021-01-15,1
Electron Bot,2021-01-15,1
Electron Bot,2021-01-18,1
riccardopiola,2021-01-19,1
Samuel Maddock,2021-01-18,1
David Sanders,2021-01-19,1
Cheng Zhao,2021-01-19,1
Electron Bot,2021-01-19,3
Shelley Vohr,2021-01-19,1
Robo,2021-01-20,1
Electron Bot,2021-01-20,1
John Kleinschmidt,2021-01-20,1
Chris Hartgerink,2021-01-20,1
Biru Mohanathas,2021-01-20,1
Milan Burda,2021-01-20,1
John Kleinschmidt,2021-01-21,3
renmu123,2021-01-21,1
Electron Bot,2021-01-21,6
Shelley Vohr,2021-01-21,1
Michaela Laurencin,2021-01-21,1
Electron Bot,2021-01-22,1
Milan Burda,2021-01-22,1
Cheng Zhao,2021-01-23,1
Shelley Vohr,2021-01-24,1
Charles Kerr,2021-01-24,1
Zhang Zhi,2021-01-25,1
Milan Burda,2021-01-25,5
Electron Bot,2021-01-25,2
Electron Bot,2021-01-26,1
LarryZhu,2021-01-27,1
Milan Burda,2021-01-26,2
Erick Zhao,2021-01-26,2
Samuel Attard,2021-01-26,1
Steven Yeh,2021-01-26,1
Electron Bot,2021-01-27,1
Shelley Vohr,2021-01-27,1
Electron Bot,2021-01-28,1
Milan Burda,2021-01-28,1
Shelley Vohr,2021-01-28,2
Felix Rieseberg,2021-01-28,1
Michaela Laurencin,2021-01-29,1
Electron Bot,2021-01-29,1
Milan Burda,2021-01-29,1
Cheng Zhao,2021-01-30,1
Cheng Zhao,2021-01-31,1
Electron Bot,2021-02-01,1
Сковорода Никита Андреевич,2021-02-02,1
Samuel Maddock,2021-02-02,2
Ahmed Elshafey,2021-02-02,1
Cyrus Roshan,2021-02-02,1
Electron Bot,2021-02-02,1
Charles Kerr,2021-02-02,1
John Kleinschmidt,2021-02-02,1
Scott Robertson,2021-02-02,1
Erick Zhao,2021-02-02,1
Electron Bot,2021-02-03,1
Electron Bot,2021-02-04,1
Michaela Laurencin,2021-02-04,1
Cheng Zhao,2021-02-05,1
Electron Bot,2021-02-05,1
Michaela Laurencin,2021-02-05,1
Keeley Hammond,2021-02-05,1
Samuel Attard,2021-02-05,1
Jeremy Rose,2021-02-05,1
Ikko Ashimine,2021-02-08,1
Electron Bot,2021-02-08,1
Pat DeSantis,2021-02-08,1
Shelley Vohr,2021-02-08,1
Milan Burda,2021-02-08,1
Samuel Maddock,2021-02-08,1
Samuel Attard,2021-02-08,1
John Kleinschmidt,2021-02-08,1
Jeremy Rose,2021-02-08,1
Electron Bot,2021-02-09,1
Cheng Zhao,2021-02-10,1
Robo,2021-02-09,1
Shelley Vohr,2021-02-09,1
Jeremy Rose,2021-02-09,1
Stewart Lord,2021-02-09,1
Electron Bot,2021-02-10,1
marekharanczyk,2021-02-10,1
Shelley Vohr,2021-02-10,1
Jeremy Rose,2021-02-10,1
Electron Bot,2021-02-11,1
Samuel Maddock,2021-02-11,1
John Kleinschmidt,2021-02-11,2
Jeremy Rose,2021-02-11,1
Electron Bot,2021-02-12,1
Samuel Attard,2021-02-12,1
John Kleinschmidt,2021-02-14,1
Dennis Keil,2021-02-15,1
Electron Bot,2021-02-15,1
Electron Bot,2021-02-16,1
Cheng Zhao,2021-02-17,3
Jeremy Rose,2021-02-16,1
Shelley Vohr,2021-02-17,1
Electron Bot,2021-02-17,1
Michaela Laurencin,2021-02-17,1
Calvin,2021-02-17,1
Electron Bot,2021-02-18,1
Shelley Vohr,2021-02-18,2
Keeley Hammond,2021-02-18,1
Michaela Laurencin,2021-02-18,1
Electron Bot,2021-02-19,1
Jeremy Rose,2021-02-19,1
Cheng Zhao,2021-02-20,1
Electron Bot,2021-02-22,1
Jeremy Rose,2021-02-22,2
Denise Yu,2021-02-22,1
Tony,2021-02-22,1
Electron Bot,2021-02-23,1
Jeremy Rose,2021-02-24,1
Electron Bot,2021-02-24,1
Electron Bot,2021-02-25,2
Samuel Attard,2021-02-25,2
Electron Bot,2021-02-26,1
John Kleinschmidt,2021-02-26,1
Emil Pettersson,2021-02-26,1
Samuel Attard,2021-03-01,3
Electron Bot,2021-03-01,1
Keeley Hammond,2021-03-01,2
Shelley Vohr,2021-03-01,1
Erick Zhao,2021-03-01,1
Electron Bot,2021-03-02,1
Michaela Laurencin,2021-03-02,1
Cheng Zhao,2021-03-03,2
Milan Burda,2021-03-02,1
Electron Bot,2021-03-03,1
Shelley Vohr,2021-03-03,1
Jeremy Rose,2021-03-03,2
Electron Bot,2021-03-04,3
Cheng Zhao,2021-03-05,1
Samuel Attard,2021-03-04,6
Stathis Siatras,2021-03-05,1
John Kleinschmidt,2021-03-04,1
liulun,2021-03-05,1
Electron Bot,2021-03-05,1
Samuel Attard,2021-03-05,12
Electron Bot,2021-03-06,2
Cheng Zhao,2021-03-07,2
Electron Bot,2021-03-07,1
Domenic Horner,2021-03-08,1
Erick Zhao,2021-03-07,1
Konstantin Pschera,2021-03-08,1
Electron Bot,2021-03-08,2
Cheng Zhao,2021-03-09,3
Shelley Vohr,2021-03-08,1
John Kleinschmidt,2021-03-08,1
Electron Bot,2021-03-09,2
Shelley Vohr,2021-03-09,2
Milan Burda,2021-03-10,1
Electron Bot,2021-03-10,2
John Kleinschmidt,2021-03-10,1
Cheng Zhao,2021-03-11,1
Robo,2021-03-10,1
Samuel Attard,2021-03-10,1
Electron Bot,2021-03-11,2
Samuel Attard,2021-03-11,1
Milan Burda,2021-03-12,1
Cheng Zhao,2021-03-12,1
Mark Lee,2021-03-11,2
Electron Bot,2021-03-12,1
Jeremy Rose,2021-03-12,4
Binyamin Aron Green,2021-03-12,1
Samuel Attard,2021-03-12,1
Electron Bot,2021-03-13,1
Electron Bot,2021-03-14,1
Samuel Attard,2021-03-14,1
Jeremy Rose,2021-03-14,1
Gerrit Niezen,2021-03-15,1
Electron Bot,2021-03-15,1
John Kleinschmidt,2021-03-15,10
Jeremy Rose,2021-03-15,1
Samuel Attard,2021-03-16,1
Shelley Vohr,2021-03-16,1
Electron Bot,2021-03-16,2
John Kleinschmidt,2021-03-16,20
Cheng Zhao,2021-03-17,1
Will Anderson,2021-03-16,1
Electron Bot,2021-03-17,2
John Kleinschmidt,2021-03-17,1
Milan Burda,2021-03-17,2
Will Anderson,2021-03-18,1
Electron Bot,2021-03-18,1
John Kleinschmidt,2021-03-18,2
Karel Braeckman,2021-03-18,1
Jeremy Rose,2021-03-18,2
Samuel Maddock,2021-03-18,1
Samuel Attard,2021-03-18,1
Shelley Vohr,2021-03-18,1
Shelley Vohr,2021-03-19,1
Electron Bot,2021-03-19,1
Cheng Zhao,2021-03-22,2
Will Anderson,2021-03-21,1
Adrian Li,2021-03-22,1
Shelley Vohr,2021-03-22,2
Electron Bot,2021-03-22,1
Nikita Kot,2021-03-22,1
John Kleinschmidt,2021-03-22,1
Jeremy Rose,2021-03-22,6
Samuel Attard,2021-03-22,1
Electron Bot,2021-03-23,1
Shelley Vohr,2021-03-23,1
Cheng Zhao,2021-03-24,1
Jeremy Rose,2021-03-23,2
liulun,2021-03-24,1
Electron Bot,2021-03-24,1
Jeremy Rose,2021-03-24,7
Calvin,2021-03-24,1
Samuel Attard,2021-03-24,1
Samuel Maddock,2021-03-25,1
Shelley Vohr,2021-03-25,1
Electron Bot,2021-03-25,1
Cheng Zhao,2021-03-25,1
Jeremy Rose,2021-03-25,1
Alexander Prinzhorn,2021-03-26,1
Saúl Ibarra Corretgé,2021-03-26,1
Electron Bot,2021-03-26,1
Jeremy Rose,2021-03-26,3
Cheng Zhao,2021-03-29,1
Shelley Vohr,2021-03-29,1
Electron Bot,2021-03-29,1
Jeremy Rose,2021-03-29,2
Shelley Vohr,2021-03-30,1
Electron Bot,2021-03-30,2
Jeremy Rose,2021-03-30,2
Samuel Attard,2021-03-30,1
Charles Kerr,2021-03-30,6
dependabot[bot],2021-03-30,1
Erick Zhao,2021-03-30,1
Electron Bot,2021-03-31,1
Samuel Attard,2021-03-31,1
dependabot[bot],2021-03-31,1
Michaela Laurencin,2021-03-31,1
Electron Bot,2021-04-01,1
Samuel Attard,2021-04-01,1
Tristan Partin,2021-04-01,1
Anna Henningsen,2021-04-02,1
Electron Bot,2021-04-02,1
Milan Burda,2021-04-02,1
Electron Bot,2021-04-05,1
Samuel Attard,2021-04-05,2
SushiJackal,2021-04-06,1
Michaela Laurencin,2021-04-05,1
Jeremy Rose,2021-04-05,1
Shelley Vohr,2021-04-06,1
Jeremy Rose,2021-04-06,2
Electron Bot,2021-04-06,1
Cheng Zhao,2021-04-07,2
John Kleinschmidt,2021-04-06,1
Fedor Indutny,2021-04-06,1
Shelley Vohr,2021-04-07,1
Germain,2021-04-07,1
Electron Bot,2021-04-07,1
Jeremy Rose,2021-04-07,1
Cheng Zhao,2021-04-08,1
Samuel Attard,2021-04-08,1
Electron Bot,2021-04-08,2
Jeremy Rose,2021-04-08,2
Milan Burda,2021-04-08,1
Samuel Attard,2021-04-09,1
Electron Bot,2021-04-09,1
Shelley Vohr,2021-04-09,1
KSneijders,2021-04-11,1
Samuel Maddock,2021-04-11,1
Robo,2021-04-11,1
Shelley Vohr,2021-04-12,1
Electron Bot,2021-04-12,1
Samuel Attard,2021-04-12,1
Shelley Vohr,2021-04-13,1
Electron Bot,2021-04-13,1
Jeremy Rose,2021-04-13,2
Samuel Attard,2021-04-13,1
Electron Bot,2021-04-14,1
Electron Bot,2021-04-15,2
Samuel Attard,2021-04-15,1
robin,2021-04-15,1
Electron Bot,2021-04-16,1
Shelley Vohr,2021-04-16,1
Samuel Attard,2021-04-19,5
Electron Bot,2021-04-19,1
Mark Lee,2021-04-19,1
John Kleinschmidt,2021-04-19,1
Jeremy Rose,2021-04-19,1
Electron Bot,2021-04-20,1
Samuel Attard,2021-04-21,2
Shelley Vohr,2021-04-21,2
Electron Bot,2021-04-21,1
dependabot[bot],2021-04-21,1
Jeremy Rose,2021-04-21,1
Shelley Vohr,2021-04-22,1
dependabot[bot],2021-04-22,1
Electron Bot,2021-04-22,1
Samuel Maddock,2021-04-22,1
Samuel Attard,2021-04-22,1
Jeremy Rose,2021-04-22,3
Electron Bot,2021-04-23,1
Jeremy Rose,2021-04-23,2
Jeremy Rose,2021-04-26,1
Milan Burda,2021-04-26,1
Electron Bot,2021-04-26,7
Samuel Attard,2021-04-26,6
Electron Bot,2021-04-27,2
Cheng Zhao,2021-04-28,1
Samuel Attard,2021-04-27,2
Jeremy Rose,2021-04-27,1
Juan Cruz Viotti,2021-04-27,1
Samuel Attard,2021-04-28,5
Electron Bot,2021-04-28,1
Jeremy Rose,2021-04-28,1
John Kleinschmidt,2021-04-28,2
Erick Zhao,2021-04-28,1
Michael Kozakov,2021-04-28,1
Naoki Maeda,2021-04-29,1
Erick Zhao,2021-04-29,1
Electron Bot,2021-04-29,1
Shelley Vohr,2021-04-29,1
Jeremy Rose,2021-04-29,1
Keeley Hammond,2021-04-29,1
Electron Bot,2021-04-30,1
Jeremy Rose,2021-05-03,1
Robo,2021-05-03,1
Erick Zhao,2021-05-03,1
Electron Bot,2021-05-03,2
Milan Burda,2021-05-03,1
Rajdeep Chatterjee,2021-05-03,1
Fedor Indutny,2021-05-03,1
Erick Zhao,2021-05-04,1
Shelley Vohr,2021-05-04,1
Milan Burda,2021-05-04,2
Electron Bot,2021-05-04,2
Samuel Attard,2021-05-04,2
Milan Burda,2021-05-05,3
Hamish Macpherson,2021-05-05,1
Electron Bot,2021-05-05,2
Samuel Attard,2021-05-05,4
Shelley Vohr,2021-05-05,1
Milan Burda,2021-05-06,3
Matthijs Groen,2021-05-06,1
Shelley Vohr,2021-05-06,1
Erick Zhao,2021-05-06,1
Electron Bot,2021-05-06,2
Fedor Indutny,2021-05-06,1
Milan Burda,2021-05-07,1
Electron Bot,2021-05-07,1
Milan Burda,2021-05-08,1
Electron Bot,2021-05-08,6
Samuel Attard,2021-05-10,5
Milan Burda,2021-05-10,1
Electron Bot,2021-05-10,5
dependabot[bot],2021-05-10,1
Shelley Vohr,2021-05-11,1
Electron Bot,2021-05-11,1
Samuel Attard,2021-05-11,2
Keeley Hammond,2021-05-11,1
dependabot[bot],2021-05-11,1
Milan Burda,2021-05-12,2
Samuel Attard,2021-05-12,8
Electron Bot,2021-05-12,1
Tabish Mahfuz,2021-05-13,1
Jeremy Rose,2021-05-12,1
Cheng Zhao,2021-05-13,1
PalmerAL,2021-05-12,1
Ondreas,2021-05-13,1
Samuel Attard,2021-05-13,1
Electron Bot,2021-05-13,2
Cheng Zhao,2021-05-14,1
Shelley Vohr,2021-05-14,2
Electron Bot,2021-05-14,1
Noelle Leigh,2021-05-14,1
Milan Burda,2021-05-15,1
Electron Bot,2021-05-17,1
Jeremy Rose,2021-05-17,4
Electron Bot,2021-05-18,1
Jeremy Rose,2021-05-18,5
Thomas Kainrad,2021-05-19,1
Tony Ferrell,2021-05-18,2
Ethan Arrowood,2021-05-18,1
Milan Burda,2021-05-19,1
Samuel Maddock,2021-05-18,1
Erick Zhao,2021-05-18,1
Tabea4,2021-05-19,1
Robo,2021-05-19,1
Electron Bot,2021-05-19,1
electron-roller[bot],2021-05-19,2
Jeremy Rose,2021-05-19,1
John Kleinschmidt,2021-05-19,1
Electron Bot,2021-05-20,1
Cheng Zhao,2021-05-22,1
Keeley Hammond,2021-05-22,1
Electron Bot,2021-05-23,3
Keeley Hammond,2021-05-23,1
Samuel Attard,2021-05-23,4
Erick Zhao,2021-05-23,1
Milan Burda,2021-05-24,2
Tony Ferrell,2021-05-23,1
Kevin Hartman,2021-05-23,1
Jeremy Rose,2021-05-23,1
Ethan Arrowood,2021-05-24,1
Michaela Laurencin,2021-05-24,1
Sofia Nguy,2021-05-24,1
Electron Bot,2021-05-24,1
Samuel Attard,2021-05-25,1
David Sanders,2021-05-26,2
John Kleinschmidt,2021-05-26,1
Samuel Attard,2021-05-26,2
George Xu,2021-05-26,1
Cheng Zhao,2021-05-27,1
Erick Zhao,2021-05-26,1
Jeremy Foster,2021-05-26,1
Electron Bot,2021-05-27,1
aydon,2021-05-28,1
David Sanders,2021-05-27,4
Jeremy Rose,2021-05-27,3
Electron Bot,2021-05-28,1
Jeremy Rose,2021-05-28,2
Jeremy Rose,2021-05-30,1
Vishal,2021-05-31,1
dependabot[bot],2021-05-31,1
Electron Bot,2021-05-31,1
Samuel Attard,2021-05-31,1
David Sanders,2021-05-31,6
Cheng Zhao,2021-06-01,2
Pete Torres,2021-06-01,1
David Sanders,2021-06-01,1
Electron Bot,2021-06-01,1
Jeremy Rose,2021-06-01,1
Samuel Maddock,2021-06-01,1
Jeremy Foster,2021-06-01,1
Shelley Vohr,2021-06-02,2
Sergio Padrino,2021-06-02,1
Juan Cruz Viotti,2021-06-02,1
David Sanders,2021-06-02,4
Cheng Zhao,2021-06-02,1
Electron Bot,2021-06-02,1
Milan Burda,2021-06-02,1
Jeremy Rose,2021-06-02,1
Keeley Hammond,2021-06-02,1
Milan Burda,2021-06-03,2
Juan Cruz Viotti,2021-06-03,1
electron-roller[bot],2021-06-03,1
Jeremy Rose,2021-06-03,1
Electron Bot,2021-06-03,1
Milan Burda,2021-06-04,1
David Sanders,2021-06-03,4
Electron Bot,2021-06-04,1
electron-roller[bot],2021-06-04,1
David Sanders,2021-06-06,1
Kevin Hartman,2021-06-06,1
Jeremy Foster,2021-06-06,1
Electron Bot,2021-06-07,1
David Sanders,2021-06-07,2
Samuel Attard,2021-06-07,2
electron-roller[bot],2021-06-07,1
Shelley Vohr,2021-06-07,1
John Kleinschmidt,2021-06-07,1
ZReC,2021-06-07,1
Electron Bot,2021-06-08,1
Shelley Vohr,2021-06-08,1
electron-roller[bot],2021-06-08,1
Electron Bot,2021-06-09,2
John Kleinschmidt,2021-06-09,1
Samuel Attard,2021-06-09,3
Shelley Vohr,2021-06-10,1
Electron Bot,2021-06-10,1
Darshan Sen,2021-06-10,1
Electron Bot,2021-06-11,1
David Sanders,2021-06-13,3
Jeremy Rose,2021-06-13,1
Darshan Sen,2021-06-14,2
David Sanders,2021-06-14,3
Electron Bot,2021-06-14,1
Luke Ingalls,2021-06-14,1
Samuel Attard,2021-06-14,1
Jeremy Rose,2021-06-14,1
Milan Burda,2021-06-15,1
Kevin Hartman,2021-06-14,1
George Xu,2021-06-14,1
Electron Bot,2021-06-15,1
Keeley Hammond,2021-06-15,1
Calvin,2021-06-15,1
Samuel Attard,2021-06-15,1
Shelley Vohr,2021-06-16,2
kdau,2021-06-16,1
Electron Bot,2021-06-16,1
trop[bot],2021-06-16,1
Cheng Zhao,2021-06-17,1
Samuel Attard,2021-06-16,1
electron-roller[bot],2021-06-16,1
Erick Zhao,2021-06-16,1
Shelley Vohr,2021-06-17,3
Electron Bot,2021-06-17,1
Charles Kerr,2021-06-17,1
John Kleinschmidt,2021-06-17,1
Milan Burda,2021-06-18,1
Shelley Vohr,2021-06-18,1
Electron Bot,2021-06-18,1
John Kleinschmidt,2021-06-18,1
dependabot[bot],2021-06-18,1
sssooonnnggg,2021-06-21,1
Samuel Maddock,2021-06-20,1
Erick Zhao,2021-06-20,1
David Sanders,2021-06-20,1
Samuel Attard,2021-06-20,1
Darshan Sen,2021-06-21,1
Fedor Indutny,2021-06-20,1
marekharanczyk,2021-06-21,1
Electron Bot,2021-06-21,1
David Sanders,2021-06-21,2
Keeley Hammond,2021-06-21,1
Electron Bot,2021-06-22,1
Jeremy Rose,2021-06-22,1
electron-roller[bot],2021-06-22,1
Robo,2021-06-23,1
Shelley Vohr,2021-06-23,1
David Sanders,2021-06-22,1
Electron Bot,2021-06-23,1
Jeremy Rose,2021-06-23,1
dependabot[bot],2021-06-23,1
Electron Bot,2021-06-24,1
Jeremy Rose,2021-06-24,1
Shelley Vohr,2021-06-24,2
electron-roller[bot],2021-06-24,1
Electron Bot,2021-06-25,1
David Sanders,2021-06-27,1
Electron Bot,2021-06-28,1
electron-roller[bot],2021-06-28,1
David Sanders,2021-06-28,1
Omar Kilani,2021-06-28,1
Electron Bot,2021-06-29,1
electron-roller[bot],2021-06-29,1
Rituka Patwal,2021-06-30,1
Samuel Attard,2021-06-29,1
Robo,2021-06-30,1
Electron Bot,2021-06-30,3
Shelley Vohr,2021-06-30,3
Jeremy Rose,2021-06-30,1
Samuel Attard,2021-06-30,1
Electron Bot,2021-07-01,1
John Kleinschmidt,2021-07-01,1
David Sanders,2021-07-01,2
Cheng Zhao,2021-07-02,2
Electron Bot,2021-07-02,1
Cheng Zhao,2021-07-04,1
Cheng Zhao,2021-07-05,2
Antón Molleda,2021-07-04,1
Shelley Vohr,2021-07-05,1
Electron Bot,2021-07-05,1
electron-roller[bot],2021-07-05,1
David Sanders,2021-07-05,1
Jenux,2021-07-06,1
Samuel Attard,2021-07-05,1
electron-roller[bot],2021-07-06,1
Electron Bot,2021-07-06,1
Jeremy Rose,2021-07-06,1
Electron Bot,2021-07-07,3
Milan Burda,2021-07-08,3
Electron Bot,2021-07-08,1
George Xu,2021-07-08,1
Electron Bot,2021-07-09,1
Robo,2021-07-10,1
Cheng Zhao,2021-07-12,1
Robo,2021-07-12,1
Electron Bot,2021-07-12,1
Robo,2021-07-13,2
Jeremy Rose,2021-07-12,4
Milan Burda,2021-07-13,1
Electron Bot,2021-07-13,1
1akshat1,2021-07-13,1
Sofia Nguy,2021-07-13,1
Keeley Hammond,2021-07-13,1
Jeremy Rose,2021-07-14,2
Cheng Zhao,2021-07-14,1
Milan Burda,2021-07-14,1
Davenury,2021-07-14,1
Electron Bot,2021-07-14,1
Antón Molleda,2021-07-14,1
Robo,2021-07-14,1
Utkarsh Dixit,2021-07-15,1
George Xu,2021-07-14,1
Cheng Zhao,2021-07-15,1
Shelley Vohr,2021-07-14,1
David Sanders,2021-07-15,1
Electron Bot,2021-07-15,1
electron-roller[bot],2021-07-15,1
Shelley Vohr,2021-07-15,1
Jeremy Rose,2021-07-15,1
Electron Bot,2021-07-16,1
Electron Bot,2021-07-19,1
Jota,2021-07-19,1
Mark Lee,2021-07-19,1
Jeremy Rose,2021-07-19,3
Keeley Hammond,2021-07-19,1
Electron Bot,2021-07-20,1
Samuel Attard,2021-07-21,1
Electron Bot,2021-07-21,1
Keeley Hammond,2021-07-21,1
Electron Bot,2021-07-22,1
Shelley Vohr,2021-07-22,1
stephen9357,2021-07-23,1
Electron Bot,2021-07-23,1
Antón Molleda,2021-07-26,1
Electron Bot,2021-07-26,1
electron-roller[bot],2021-07-26,1
Jeremy Rose,2021-07-26,1
Cheng Zhao,2021-07-27,1
John Kleinschmidt,2021-07-26,1
Milan Burda,2021-07-27,1
Electron Bot,2021-07-27,1
John Kleinschmidt,2021-07-27,1
Jeremy Rose,2021-07-27,1
Milan Burda,2021-07-28,1
Anders Kaseorg,2021-07-27,1
Electron Bot,2021-07-28,1
Jeremy Rose,2021-07-28,1
George Xu,2021-07-28,1
Samuel Attard,2021-07-28,1
Milan Burda,2021-07-29,1
Electron Bot,2021-07-29,1
Shelley Vohr,2021-07-29,2
John Kleinschmidt,2021-07-29,1
Shelley Vohr,2021-07-30,1
Samuel Attard,2021-07-30,1
Electron Bot,2021-07-30,1
Jeremy Rose,2021-07-30,1
Samuel Attard,2021-08-01,1
Biru Mohanathas,2021-08-02,1
Matthew Shen,2021-08-01,1
Jeremy Rose,2021-08-01,1
Electron Bot,2021-08-02,1
Robo,2021-08-02,1
Electron Bot,2021-08-03,1
Milan Burda,2021-08-03,1
Jeremy Rose,2021-08-03,3
Milan Burda,2021-08-04,1
Cheng Zhao,2021-08-04,1
Electron Bot,2021-08-04,1
Jeremy Rose,2021-08-04,1
Samuel Attard,2021-08-04,1
Electron Bot,2021-08-05,1
Samuel Attard,2021-08-05,2
Darshan Sen,2021-08-05,1
Jeremy Rose,2021-08-05,1
George Xu,2021-08-05,1
Electron Bot,2021-08-06,3
Keeley Hammond,2021-08-06,1
Electron Bot,2021-08-09,1
Jeremy Rose,2021-08-09,1
Charles Kerr,2021-08-09,1
nibbleswap,2021-08-10,1
Milan Burda,2021-08-10,1
Sudowoodo Release Bot,2021-08-10,1
John Kleinschmidt,2021-08-10,1
Shelley Vohr,2021-08-11,1
dependabot[bot],2021-08-11,1
Sudowoodo Release Bot,2021-08-11,1
Michaela Laurencin,2021-08-11,1
Samuel Attard,2021-08-11,1
Keeley Hammond,2021-08-11,1
John Kleinschmidt,2021-08-11,1
electron-roller[bot],2021-08-11,1
Sudowoodo Release Bot,2021-08-12,1
Samuel Attard,2021-08-12,1
Sudowoodo Release Bot,2021-08-13,9
Samuel Attard,2021-08-13,6
Keeley Hammond,2021-08-13,1
Samuel Attard,2021-08-14,1
John Kleinschmidt,2021-08-14,1
Shelley Vohr,2021-08-16,1
Erick Zhao,2021-08-16,2
Sudowoodo Release Bot,2021-08-16,1
Samuel Attard,2021-08-16,3
Shelley Vohr,2021-08-17,2
Sudowoodo Release Bot,2021-08-17,1
Milan Burda,2021-08-17,1
Samuel Attard,2021-08-17,1
Sudowoodo Release Bot,2021-08-18,1
Jeremy Rose,2021-08-18,1
Shelley Vohr,2021-08-18,3
Samuel Maddock,2021-08-18,1
Cheng Zhao,2021-08-19,1
Keeley Hammond,2021-08-18,1
Erick Zhao,2021-08-18,2
Larry Kluger,2021-08-19,1
Samuel Maddock,2021-08-19,1
Sudowoodo Release Bot,2021-08-19,1
Jeremy Rose,2021-08-19,1
Samuel Attard,2021-08-19,3
Sudowoodo Release Bot,2021-08-20,1
electron-roller[bot],2021-08-20,1
Sudowoodo Release Bot,2021-08-23,1
Milan Burda,2021-08-23,1
Jeremy Rose,2021-08-23,1
electron-roller[bot],2021-08-23,1
Sudowoodo Release Bot,2021-08-24,1
Shelley Vohr,2021-08-24,1
Samuel Attard,2021-08-24,1
Milan Burda,2021-08-25,1
Sudowoodo Release Bot,2021-08-25,1
Jeremy Rose,2021-08-25,1
Cheng Zhao,2021-08-26,1
Sudowoodo Release Bot,2021-08-26,1
Sudowoodo Release Bot,2021-08-27,1
Samuel Maddock,2021-08-27,1
Jeremy Rose,2021-08-27,1
Sudowoodo Release Bot,2021-08-30,1
Samuel Attard,2021-08-30,1
Sudowoodo Release Bot,2021-08-31,1
electron-roller[bot],2021-08-31,1
Keeley Hammond,2021-08-31,1
Jeremy Rose,2021-08-31,1
ComplexSpaces,2021-08-31,1
Shelley Vohr,2021-09-01,1
jiang kun,2021-09-01,1
Sudowoodo Release Bot,2021-09-01,1
John Kleinschmidt,2021-09-01,1
electron-roller[bot],2021-09-01,1
Samuel Maddock,2021-09-01,1
Black-Hole,2021-09-02,1
Jeremy Rose,2021-09-01,1
Sudowoodo Release Bot,2021-09-02,3
Jeremy Rose,2021-09-02,1
Samuel Attard,2021-09-02,1
Sudowoodo Release Bot,2021-09-03,1
Erick Zhao,2021-09-03,1
Raymond Zhao,2021-09-03,1
Jeremy Rose,2021-09-03,1
Milan Burda,2021-09-06,2
Robo,2021-09-06,1
Shelley Vohr,2021-09-06,1
Samuel Maddock,2021-09-06,2
Isaac Taylor,2021-09-06,1
Sudowoodo Release Bot,2021-09-06,3
Samuel Maddock,2021-09-07,1
Sudowoodo Release Bot,2021-09-07,1
Finn Behrens,2021-09-07,1
Christian Engel,2021-09-07,1
Jeremy Rose,2021-09-07,1
Darshan Sen,2021-09-07,1
Mark Lee,2021-09-07,1
Shelley Vohr,2021-09-08,1
Sudowoodo Release Bot,2021-09-08,1
electron-roller[bot],2021-09-08,1
Sudowoodo Release Bot,2021-09-09,1
Samuel Attard,2021-09-09,2
Sudowoodo Release Bot,2021-09-10,1
Sudowoodo Release Bot,2021-09-13,1
Keeley Hammond,2021-09-13,2
Shelley Vohr,2021-09-14,1
Sudowoodo Release Bot,2021-09-14,1
Micha Hanselmann,2021-09-15,1
Raymond Zhao,2021-09-14,1
Erick Zhao,2021-09-14,2
Sudowoodo Release Bot,2021-09-15,1
Shelley Vohr,2021-09-15,1
electron-roller[bot],2021-09-15,1
Tierney Cyren,2021-09-15,1
Keeley Hammond,2021-09-15,1
Michaela Laurencin,2021-09-15,1
Sudowoodo Release Bot,2021-09-16,1
Antón Molleda,2021-09-16,1
祈緒ちゃん - Kiochan,2021-09-17,1
Sudowoodo Release Bot,2021-09-17,1
Shelley Vohr,2021-09-17,1
Darshan Sen,2021-09-20,1
Sudowoodo Release Bot,2021-09-20,1
Milan Burda,2021-09-21,2
Jeremy Rose,2021-09-20,2
Shelley Vohr,2021-09-21,1
Sudowoodo Release Bot,2021-09-21,1
Keeley Hammond,2021-09-21,1
Sofia Nguy,2021-09-21,1
Erick Zhao,2021-09-21,1
Samuel Maddock,2021-09-21,1
dependabot[bot],2021-09-22,1
Sudowoodo Release Bot,2021-09-22,1
Shelley Vohr,2021-09-22,1
Keeley Hammond,2021-09-22,1
CezaryKulakowski,2021-09-23,1
Black-Hole,2021-09-23,1
Milan Burda,2021-09-23,1
John Kleinschmidt,2021-09-23,1
Sudowoodo Release Bot,2021-09-23,1
Shelley Vohr,2021-09-23,1
Keeley Hammond,2021-09-23,1
Shelley Vohr,2021-09-24,2
Sudowoodo Release Bot,2021-09-24,1
Cheng Zhao,2021-09-27,1
Shelley Vohr,2021-09-27,1
Sudowoodo Release Bot,2021-09-27,6
Milan Burda,2021-09-27,2
Robo,2021-09-27,1
Daryl Haresign,2021-09-27,1
John Kleinschmidt,2021-09-27,1
Black-Hole,2021-09-28,1
electron-roller[bot],2021-09-28,1
Sudowoodo Release Bot,2021-09-28,1
Aidan Nulman,2021-09-28,1
Sudowoodo Release Bot,2021-09-29,1
Alexey Kuzmin,2021-09-29,1
Juan Cruz Viotti,2021-09-29,1
Shelley Vohr,2021-09-30,2
Sudowoodo Release Bot,2021-09-30,1
Juan Cruz Viotti,2021-09-30,1
Sudowoodo Release Bot,2021-10-01,1
Tobias Nießen,2021-10-04,1
Ryan Johnson,2021-10-03,1
Jeremy Rose,2021-10-03,1
Sudowoodo Release Bot,2021-10-04,1
Milan Burda,2021-10-04,1
Shelley Vohr,2021-10-05,1
Sudowoodo Release Bot,2021-10-05,1
Samuel Attard,2021-10-05,1
Robo,2021-10-06,1
Cheng Zhao,2021-10-06,1
electron-roller[bot],2021-10-05,1
Milan Burda,2021-10-06,2
Sudowoodo Release Bot,2021-10-06,1
John Kleinschmidt,2021-10-06,1
Samuel Attard,2021-10-06,1
Shelley Vohr,2021-10-07,1
Sudowoodo Release Bot,2021-10-07,1
Milan Burda,2021-10-07,1
Sudowoodo Release Bot,2021-10-08,1
Milan Burda,2021-10-08,1
Cheng Zhao,2021-10-11,1
Shelley Vohr,2021-10-11,2
Sudowoodo Release Bot,2021-10-11,1
Micha Hanselmann,2021-10-11,1
Erick Zhao,2021-10-11,1
Sudowoodo Release Bot,2021-10-12,1
Shelley Vohr,2021-10-12,1
Sudowoodo Release Bot,2021-10-13,2
Cheng Zhao,2021-10-13,1
Maxime Serrano,2021-10-13,1
Samuel Attard,2021-10-13,1
electron-roller[bot],2021-10-14,1
Sudowoodo Release Bot,2021-10-14,1
Cheng Zhao,2021-10-14,1
CezaryKulakowski,2021-10-14,1
Keeley Hammond,2021-10-14,1
Samuel Maddock,2021-10-14,1
Milan Burda,2021-10-14,1
Raymond Zhao,2021-10-14,1
Sudowoodo Release Bot,2021-10-15,1
Sudowoodo Release Bot,2021-10-18,1
universalstrapping,2021-10-18,1
t57ser,2021-10-19,1
Erick Zhao,2021-10-18,1
Daniel Ramp,2021-10-19,1
Sudowoodo Release Bot,2021-10-19,1
Shelley Vohr,2021-10-19,1
Michaela Laurencin,2021-10-19,1
Keeley Hammond,2021-10-19,1
Sudowoodo Release Bot,2021-10-20,1
Sudowoodo Release Bot,2021-10-21,1
electron-roller[bot],2021-10-21,1
Shelley Vohr,2021-10-21,2
Sudowoodo Release Bot,2021-10-22,3
Keeley Hammond,2021-10-22,1
Sudowoodo Release Bot,2021-10-25,1
Milan Burda,2021-10-25,1
Shelley Vohr,2021-10-25,2
electron-roller[bot],2021-10-25,1
Darshan Sen,2021-10-25,1
Samuel Attard,2021-10-25,2
Mitchell McCaffrey,2021-10-26,1
Shelley Vohr,2021-10-26,2
Sudowoodo Release Bot,2021-10-26,1
Milan Burda,2021-10-26,1
Erick Zhao,2021-10-26,1
Shelley Vohr,2021-10-27,1
Keeley Hammond,2021-10-26,1
Sudowoodo Release Bot,2021-10-27,1
Robo,2021-10-28,1
Erick Zhao,2021-10-27,1
Sudowoodo Release Bot,2021-10-28,1
Shelley Vohr,2021-10-28,1
Sudowoodo Release Bot,2021-10-29,1
Shelley Vohr,2021-11-01,1
Sudowoodo Release Bot,2021-11-01,1
John Kleinschmidt,2021-11-01,3
electron-roller[bot],2021-11-01,1
Cheng Zhao,2021-11-02,1
Sudowoodo Release Bot,2021-11-02,1
Milan Burda,2021-11-03,1
Sudowoodo Release Bot,2021-11-03,1
Shelley Vohr,2021-11-03,1
Charles Kerr,2021-11-03,1
Keeley Hammond,2021-11-03,1
Raymond Zhao,2021-11-04,1
Sudowoodo Release Bot,2021-11-04,1
Shelley Vohr,2021-11-04,1
John Kleinschmidt,2021-11-04,1
henrit,2021-11-04,1
Sudowoodo Release Bot,2021-11-05,1
Milan Burda,2021-11-06,1
Milan Burda,2021-11-08,3
Sudowoodo Release Bot,2021-11-08,1
John Kleinschmidt,2021-11-08,1
Milan Burda,2021-11-09,1
Sudowoodo Release Bot,2021-11-09,1
Shelley Vohr,2021-11-09,2
Milan Burda,2021-11-10,2
Michaela Laurencin,2021-11-09,1
Sudowoodo Release Bot,2021-11-10,1
Sofia Nguy,2021-11-10,1
Sudowoodo Release Bot,2021-11-11,1
Charles Kerr,2021-11-11,1
Sudowoodo Release Bot,2021-11-12,1
Cheng Zhao,2021-11-14,1
Charles Kerr,2021-11-15,2
Shelley Vohr,2021-11-15,2
Micha Hanselmann,2021-11-15,1
Sudowoodo Release Bot,2021-11-15,1
Fedor Indutny,2021-11-15,1
Keeley Hammond,2021-11-15,1
Samuel Attard,2021-11-16,1
Milan Burda,2021-11-16,1
Darshan Sen,2021-11-16,1
Sudowoodo Release Bot,2021-11-16,1
Sudowoodo Release Bot,2021-11-17,1
Donald D. Nevermore,2021-11-17,1
Sergey Zolotarev,2021-11-18,1
Keeley Hammond,2021-11-17,2
Sudowoodo Release Bot,2021-11-18,1
Sudowoodo Release Bot,2021-11-19,1
Milan Burda,2021-11-22,2
Black-Hole,2021-11-22,1
Shelley Vohr,2021-11-22,1
dependabot[bot],2021-11-22,1
CezaryKulakowski,2021-11-22,1
Sudowoodo Release Bot,2021-11-22,1
Sudowoodo Release Bot,2021-11-23,1
Robo,2021-11-24,1
Erick Zhao,2021-11-23,1
electron-roller[bot],2021-11-24,1
Sudowoodo Release Bot,2021-11-24,3
John Kleinschmidt,2021-11-24,1
Sudowoodo Release Bot,2021-11-25,1
Erick Zhao,2021-11-25,1
Sudowoodo Release Bot,2021-11-26,1
Sudowoodo Release Bot,2021-11-29,1
Keeley Hammond,2021-11-29,1
Sudowoodo Release Bot,2021-11-30,5
Keeley Hammond,2021-11-30,1
Black-Hole,2021-12-01,1
Samuel Attard,2021-12-01,1
Sudowoodo Release Bot,2021-12-01,1
Tristan Partin,2021-12-01,1
Sudowoodo Release Bot,2021-12-02,1
Sudowoodo Release Bot,2021-12-03,1
fengmk2,2021-12-06,1
Milan Burda,2021-12-06,1
Cheng Zhao,2021-12-06,1
Sudowoodo Release Bot,2021-12-06,1
Sudowoodo Release Bot,2021-12-07,3
Sudowoodo Release Bot,2021-12-08,1
Sudowoodo Release Bot,2021-12-09,1
Sudowoodo Release Bot,2021-12-10,1
stephen9357,2021-12-13,1
Sudowoodo Release Bot,2021-12-13,1
Sudowoodo Release Bot,2021-12-14,1
Dennis,2021-12-14,1
Sudowoodo Release Bot,2021-12-15,1
Samuel Attard,2021-12-16,1
Sudowoodo Release Bot,2021-12-16,1
Micha Hanselmann,2021-12-16,1
electron-roller[bot],2021-12-16,1
Sudowoodo Release Bot,2021-12-17,1
Keeley Hammond,2021-12-17,1
Sudowoodo Release Bot,2021-12-20,1
Sudowoodo Release Bot,2021-12-21,1
Sudowoodo Release Bot,2021-12-22,1
Sudowoodo Release Bot,2021-12-23,1
Sudowoodo Release Bot,2021-12-27,2
Sudowoodo Release Bot,2021-12-28,1
Sudowoodo Release Bot,2021-12-29,1
Sudowoodo Release Bot,2021-12-31,1
